manufacturer,diameter,impulseClass,my_Isp,total_impulse
Quest Aerospace,6.0,A,44.44444444444444,0.218
Quest Aerospace,6.0,A,34.403669724770644,0.135
Apogee Components,10.5,A,77.47196738022426,0.57
Estes Industries,13.0,A,72.46109821549193,0.59
Apogee Components,10.5,A,82.90859667006455,1.22
Estes Industries,13.0,A,55.55555555555556,1.09
Estes Industries,18.0,A,44.30330118403512,1.13
Apogee Components,10.5,A,83.92796466190961,2.47
Estes Industries,13.0,A,68.57566490594014,2.22
Quest Aerospace,18.0,A,66.98703946410367,2.3
Estes Industries,18.0,A,77.2248478670497,2.5
Estes Industries,13.0,A,53.233661796352926,1.88
Apogee Components,10.5,B,81.88922867821951,4.82
Estes Industries,18.0,B,84.94733265375467,5.0
Quest Aerospace,18.0,B,72.61036618834784,4.63
Estes Industries,18.0,B,78.81898936944808,4.33
Apogee Components,13.0,B,180.93781855249742,4.97
Apogee Components,18.0,C,202.06138860573114,8.92
Estes Industries,18.0,C,70.27324474754855,7.79
Estes Industries,18.0,C,83.24838600067957,8.82
Quest Aerospace,18.0,C,74.41386340468908,8.76
Apogee Components,13.0,C,145.33275083733798,9.98
Apogee Components,18.0,C,198.88077555181093,9.56
Estes Industries,24.0,C,74.75365273530412,8.8
Apogee Components,18.0,D,190.97547275791047,18.36
AeroTech,24.0,D,179.89417989417987,18.53
AeroTech,24.0,D,189.3400349209233,18.76
Apogee Components,18.0,D,195.0321412968857,18.75
Estes Industries,24.0,D,72.77039256069399,17.49
Estes Industries,24.0,D,81.35619423066703,16.84
AeroTech,18.0,D,200.337015540161,19.26
AeroTech,24.0,D,217.1597429818232,18.96
AeroTech,18.0,D,208.01478083588177,19.59
AeroTech,18.0,D,211.13805992009094,18.02
AeroTech,24.0,E,189.6498589479174,40.0
AeroTech,24.0,E,177.79674276367257,37.5
AeroTech,24.0,E,174.96169918510174,29.35
Estes Industries,24.0,E,79.35694394615004,27.87
Ellis Mountain,24.0,E,128.95185197191873,35.8
AeroTech,24.0,E,115.12466231332611,34.22
AeroTech,24.0,E,220.23382539862322,35.0
Rocketvision Flight-Star,24.0,E,227.6970300885361,39.76
AeroTech,29.0,E,202.10311712001717,37.67
AeroTech,24.0,E,179.94061073438814,36.54
AeroTech,29.0,E,206.91998547107693,35.32
AeroTech,24.0,E,219.88432389309932,39.69
AeroTech,24.0,E,192.19095396809035,33.56
AeroTech,29.0,F,191.17532879000765,76.33
AeroTech,24.0,F,145.33563448087926,43.2
AeroTech,32.0,F,195.88907508923418,62.07
AeroTech,32.0,F,123.10703363914374,75.48
AeroTech,29.0,F,175.84097859327215,51.75
AeroTech,24.0,F,186.8841318382603,55.0
AeroTech,29.0,F,143.1078174296515,65.0
AeroTech,29.0,F,168.35499490316002,52.85
AeroTech,32.0,F,188.77185034167704,70.0
Ellis Mountain,24.0,F,221.8432264303824,67.9
AeroTech,24.0,F,253.82262996941898,47.31
AeroTech,29.0,F,223.1156009117044,77.92
AeroTech,29.0,F,147.11064754701275,62.2
AeroTech,24.0,F,214.1483951037889,79.2
Rocketvision Flight-Star,24.0,F,214.1483951037889,79.2
Roadrunner Rocketry,29.0,F,198.28105577036,78.0
AeroTech,29.0,F,183.16090832194678,50.67
AeroTech,24.0,F,223.00358799570697,49.66
AeroTech,29.0,F,199.00611620795107,78.09
AeroTech,29.0,F,199.72061766149432,52.9
AeroTech,29.0,F,206.64391243655845,76.83
"Public Missiles, Ltd.",29.0,F,206.64391243655845,76.83
AeroTech,29.0,F,203.17730875709518,72.95
Roadrunner Rocketry,29.0,F,206.01400360123176,77.0
AeroTech,29.0,F,170.45169699704215,51.0
AeroTech,24.0,F,207.53002703541196,74.92
Rocketvision Flight-Star,24.0,F,202.5757293077761,74.92
AeroTech,32.0,G,173.99075586834792,87.22
Ellis Mountain,29.0,G,186.6101081845385,113.5
AeroTech,29.0,G,191.64118246687053,117.5
AeroTech,29.0,G,138.9135965618214,98.39
AeroTech,29.0,G,205.50458715596326,100.8
Ellis Mountain,29.0,G,203.8735983690112,124.0
Ellis Mountain,24.0,G,181.6776824175463,110.5
AeroTech,29.0,G,162.50579186359002,87.68
"Public Missiles, Ltd.",29.0,G,185.74061005253665,113.7
AeroTech,29.0,G,184.05465934540658,97.14
AeroTech,29.0,G,179.60820812835172,81.05
AeroTech,24.0,G,195.0662589194699,119.6
Rocketvision Flight-Star,24.0,G,195.0662589194699,119.6
Cesaroni Technology,38.0,G,200.29163177980453,134.2
AeroTech,38.0,G,180.80283001425153,110.5
AeroTech,29.0,G,193.76146788990823,118.8
AeroTech,38.0,G,186.8841318382603,110.0
Cesaroni Technology,38.0,G,200.7243314023354,121.1
AeroTech,29.0,G,132.52761236259786,135.6
AeroTech,29.0,G,184.5407571443636,105.0
Cesaroni Technology,38.0,G,159.00661541476688,129.0
AeroTech,29.0,G,178.55381276511787,108.6
AeroTech,29.0,G,222.79306829765542,136.6
"Public Missiles, Ltd.",29.0,G,206.53745200623698,116.3
Roadrunner Rocketry,29.0,G,201.26461264948088,108.0
Contrail Rockets,38.0,G,160.02981377352492,146.0
AeroTech,29.0,G,188.36147675397774,85.0
AeroTech,29.0,G,189.2448549780685,81.5
Contrail Rockets,38.0,G,174.3978973999975,142.0
Contrail Rockets,38.0,G,109.6094614887157,100.0
Contrail Rockets,38.0,G,109.35038457974235,118.0
Contrail Rockets,38.0,G,47.41246473697935,100.0
AeroTech,38.0,H,149.23877894793375,289.0
Ellis Mountain,38.0,H,175.05008963408204,249.0
Ellis Mountain,29.0,H,189.5163027092217,264.0
AeroTech,29.0,H,165.94124882292135,162.3
R.A.T.T. Works,29.0,H,145.67414484011647,207.5
Propulsion Polymers,38.0,H,75.90016150401453,237.0
AeroTech,29.0,H,173.93977638625955,215.0
AeroTech,38.0,H,132.58212984333733,185.6
AeroTech,29.0,H,131.82636393444818,177.3
West Coast Hybrids,38.0,H,186.23069081784678,266.0
AeroTech,38.0,H,139.20344281942687,261.1
Contrail Rockets,38.0,H,208.50708924103415,225.0
AeroTech,38.0,H,177.10231777510066,223.6
Sky Ripper Systems,38.0,H,161.1606437811374,224.5
AeroTech,29.0,H,162.42617177137294,299.4
AeroTech,29.0,H,187.10055816349276,172.9
Contrail Rockets,38.0,H,201.42711518858306,247.0
Cesaroni Technology,38.0,H,152.22726359475746,247.0
Loki Research,38.0,H,193.59901622898562,239.3
AeroTech,38.0,H,172.12279206564062,206.0
Cesaroni Technology,38.0,H,182.76368443087176,258.0
Sky Ripper Systems,38.0,H,164.17567586969318,228.7
AeroTech,29.0,H,186.8841318382603,165.0
AeroTech,29.0,H,179.10929122249289,217.7
AeroTech,29.0,H,206.364535191189,215.4
Contrail Rockets,38.0,H,167.99184505606524,206.0
AeroTech,29.0,H,210.7715772611958,220.0
AeroTech,29.0,H,202.28465545606326,165.5
AeroTech,38.0,H,205.91766670488184,231.7
Contrail Rockets,38.0,H,205.72699471782036,222.0
AeroTech,29.0,H,196.50467312675778,320.0
Ellis Mountain,29.0,H,183.5487764457202,293.5
Contrail Rockets,38.0,H,270.5958669261421,292.0
Contrail Rockets,38.0,H,149.19840607914,161.0
Contrail Rockets,38.0,H,140.2650356778797,172.0
Loki Research,38.0,H,201.9622833843017,317.0
Cesaroni Technology,38.0,H,197.57205078305995,319.8
AeroTech,38.0,H,229.87788387526263,221.0
AeroTech,38.0,H,221.8338915586622,319.9
AeroTech,54.0,I,173.8467727504214,630.5
Ellis Mountain,29.0,I,159.3842326232312,369.0
R.A.T.T. Works,29.0,I,165.2221790208736,359.5
Propulsion Polymers,38.0,I,141.06777263800416,460.0
R.A.T.T. Works,29.0,I,170.96348069243732,485.2
West Coast Hybrids,38.0,I,155.77314542048148,499.7
Sky Ripper Systems,38.0,I,162.98867675014463,591.6
Sky Ripper Systems,38.0,I,157.15256540944614,407.0
Hypertek,54.0,I,160.9780459604978,470.6
Ellis Mountain,38.0,I,197.78386750863817,597.6
AeroTech,38.0,I,165.39001929324544,610.7
Ellis Mountain,38.0,I,150.92073862624474,444.9
Hypertek,54.0,I,182.62175684291287,507.0
Hypertek,54.0,I,185.05975959334742,541.0
Sky Ripper Systems,38.0,I,200.5915423346616,519.5
Ellis Mountain,38.0,I,205.41629730893968,346.2
AeroTech,38.0,I,152.42132156543954,378.0
Propulsion Polymers,38.0,I,160.3425765528135,484.0
Ellis Mountain,38.0,I,203.39006892052927,462.7
AeroTech,38.0,I,173.42974064154757,328.7
Cesaroni Technology,38.0,I,207.67923887189943,382.0
Kosdon by AeroTech,38.0,I,209.4745214011269,374.0
AeroTech,38.0,I,144.30322303162075,426.1
AeroTech,29.0,I,176.6070012566581,324.5
Hypertek,54.0,I,160.43073428702394,469.0
Cesaroni Technology,38.0,I,188.39265797854526,380.9
AeroTech,38.0,I,179.12968770345276,441.6
Cesaroni Technology,38.0,I,149.55660984748104,364.0
AeroTech,38.0,I,194.78369270924637,330.0
Contrail Rockets,38.0,I,289.5005096839959,355.0
Hypertek,54.0,I,192.38254100639418,519.0
Hypertek,54.0,I,180.44181734841177,527.5
Ellis Mountain,38.0,I,188.5132587658665,540.0
Cesaroni Technology,38.0,I,203.14286862575307,556.0
Hypertek,54.0,I,151.8932869771212,570.4
Animal Motor Works,38.0,I,210.6801890935728,390.0
Kosdon by AeroTech,38.0,I,213.95525982681946,382.0
AeroTech,38.0,I,195.96776873931702,607.3
Cesaroni Technology,38.0,I,190.8882572100452,510.1
AeroTech,38.0,I,185.983734393972,420.0
Animal Motor Works,38.0,I,174.25515792799266,353.0
Cesaroni Technology,38.0,I,149.76204475111766,486.0
AeroTech,38.0,I,196.19153814165904,426.5
Hypertek,54.0,I,145.96882136465223,574.5
Kosdon by AeroTech,38.0,I,204.26033298494986,633.8
Animal Motor Works,38.0,I,174.73134292339589,572.0
Cesaroni Technology,38.0,I,148.1596525027518,601.0
AeroTech,38.0,I,199.89899840080798,342.0
Cesaroni Technology,38.0,I,190.5602746261454,625.5
AeroTech,38.0,I,183.14644920149507,539.0
Kosdon by AeroTech,38.0,I,204.03443270032156,634.3
Animal Motor Works,38.0,I,178.5841631803802,596.0
Contrail Rockets,38.0,I,265.28130872112297,432.0
Loki Research,38.0,I,199.50487840396093,493.2
AeroTech,38.0,I,214.86419064863,568.9
Kosdon by AeroTech,38.0,I,213.66223140328492,633.0
Contrail Rockets,38.0,I,206.32990678309565,336.0
Contrail Rockets,38.0,I,264.6672316176019,431.0
AeroTech,54.0,J,169.17680052451988,707.0
Ellis Mountain,54.0,J,181.88817944750738,751.2
Hypertek,54.0,J,165.12339891945524,673.7
Hypertek,54.0,J,173.05496499834828,757.5
AeroTech,54.0,J,191.83972541063994,1202.0
AeroTech,54.0,J,172.1491916717796,1069.0
Propulsion Polymers,38.0,J,125.69365767597348,664.0
Sky Ripper Systems,38.0,J,192.57789899991735,699.0
AeroTech,54.0,J,205.541428783019,825.7
Ellis Mountain,54.0,J,257.80992268556093,903.4
Hypertek,54.0,J,176.69045191980968,751.4
Hypertek,54.0,J,182.11040443268732,728.0
AeroTech,54.0,J,183.9592053659332,739.0
AeroTech,54.0,J,178.1736778242102,764.0
Hypertek,54.0,J,190.16858318426827,827.0
Cesaroni Technology,54.0,J,215.19990938951182,836.0
AeroTech,54.0,J,184.78479648350503,853.8
Hypertek,54.0,J,173.89076794157614,720.9
Ellis Mountain,38.0,J,199.7531302121683,1115.0
Contrail Rockets,54.0,J,234.00158568354286,1033.0
Contrail Rockets,54.0,J,145.76962283384302,643.5
Hypertek,54.0,J,187.57278050633818,744.5
AeroTech,54.0,J,213.7384499029956,1170.0
Ellis Mountain,38.0,J,190.4523603317542,648.5
Hypertek,54.0,J,193.22708011769944,802.2
AeroTech,54.0,J,167.1590732389986,774.0
Cesaroni Technology,54.0,J,142.65179026503566,716.5
Cesaroni Technology,38.0,J,211.3761467889908,648.0
Cesaroni Technology,54.0,J,205.24648455331433,1196.0
Hypertek,54.0,J,143.01794497188396,998.8
Cesaroni Technology,38.0,J,204.81800415184392,694.0
AeroTech,54.0,J,177.64465483455052,763.3
Hypertek,81.0,J,143.01794497188396,998.8
Cesaroni Technology,38.0,J,207.95107033639144,765.0
Ellis Mountain,38.0,J,182.59036280244774,737.8
Hypertek,54.0,J,145.17015710422137,1051.0
AeroTech,38.0,J,190.23129679859747,700.0
AeroTech,38.0,J,186.5408652618058,697.4
Contrail Rockets,54.0,J,153.78865103635744,678.9
Animal Motor Works,54.0,J,185.68454717352742,998.4
Contrail Rockets,54.0,J,207.02231283271036,913.9
Cesaroni Technology,38.0,J,203.8242462512748,826.0
Animal Motor Works,54.0,J,163.29047285001965,1125.0
Animal Motor Works,54.0,J,175.65910071740814,1031.0
Cesaroni Technology,54.0,J,138.25758328925792,1043.0
Animal Motor Works,54.0,J,200.95067939597877,1100.0
Cesaroni Technology,38.0,J,182.02999854376,700.0
Kosdon by AeroTech,38.0,J,200.54051501692928,722.0
AeroTech,54.0,J,181.14255963552708,1232.0
AeroTech,38.0,J,194.41859090841942,658.0
Animal Motor Works,38.0,J,212.59894560039012,653.0
Animal Motor Works,54.0,J,204.60021595839615,1070.0
AeroTech,54.0,J,197.66512215483695,805.5
Animal Motor Works,54.0,J,213.59059541357735,1165.0
Animal Motor Works,38.0,J,206.05907338981223,660.0
Loki Research,54.0,J,181.52905198776756,1113.0
Loki Research,38.0,J,201.9656903628841,741.0
AeroTech,54.0,J,174.29841510045802,1161.0
AeroTech,38.0,J,185.1338172572647,973.1
Kosdon by AeroTech,38.0,J,204.7068692070317,737.0
Contrail Rockets,54.0,J,247.5931589081436,1093.0
AeroTech,54.0,J,202.7189744300281,1229.0
AeroTech,54.0,K,172.61525387720414,1417.0
Hypertek,54.0,K,164.79272340638292,1292.0
R.A.T.T. Works,64.0,K,145.56764279830713,1845.0
Loki Research,54.0,K,168.11730573198463,1608.0
AeroTech,54.0,K,167.26449684877386,2353.0
Loki Research,54.0,K,183.21073366944927,2527.0
Animal Motor Works,75.0,K,181.02941081392115,1680.0
Kosdon by AeroTech,54.0,K,195.7389909527913,1386.0
Cesaroni Technology,54.0,K,210.56641851748884,1636.0
Animal Motor Works,75.0,K,213.3318903078639,1845.0
Contrail Rockets,75.0,K,286.1260501247847,1628.0
AeroTech,98.0,K,176.33277894021495,2465.0
Animal Motor Works,75.0,K,207.20567291862582,1679.0
Ellis Mountain,54.0,K,219.07864608497013,2435.0
Animal Motor Works,54.0,K,195.03142748174693,1394.0
AeroTech,54.0,K,186.232813758134,1687.0
Cesaroni Technology,75.0,K,211.7083398268011,2486.0
Animal Motor Works,54.0,K,179.38420039748567,1402.0
Cesaroni Technology,54.0,K,140.42415653514334,1412.0
AeroTech,54.0,K,176.44891906979433,1539.0
Animal Motor Works,54.0,K,153.73299180957923,1300.0
Animal Motor Works,54.0,K,201.15528372409108,1480.0
AeroTech,75.0,K,172.8991183361053,2417.0
Cesaroni Technology,54.0,K,212.41981486629805,2063.0
Animal Motor Works,54.0,K,189.13923924787449,1697.0
Cesaroni Technology,75.0,K,147.7490932366119,2493.0
Kosdon by AeroTech,54.0,K,201.1151263767203,1429.0
Animal Motor Works,75.0,K,208.29113749965617,2499.0
Animal Motor Works,75.0,K,199.56757598266327,2410.0
Contrail Rockets,75.0,K,265.4315489445088,1341.0
Animal Motor Works,54.0,K,201.46478034316897,1840.0
Cesaroni Technology,54.0,K,139.2579223832044,1750.0
AeroTech,98.0,K,191.60932721712538,2406.0
Cesaroni Technology,54.0,K,211.06200476859826,2437.0
Animal Motor Works,54.0,K,176.02695796062062,1751.0
AeroTech,98.0,K,182.64967513454727,2358.0
AeroTech,54.0,K,170.91064669473033,1514.0
Animal Motor Works,54.0,K,225.76606530796542,1650.0
AeroTech,54.0,K,176.8834251390385,2261.0
Contrail Rockets,75.0,K,289.69015954294383,1833.0
AeroTech,75.0,K,190.6089517874312,2371.0
Animal Motor Works,54.0,K,217.4800420238358,1950.0
Animal Motor Works,54.0,K,213.54576254676124,1859.0
Loki Research,54.0,K,213.30001205704076,1946.0
Animal Motor Works,54.0,K,184.34259778833953,2454.0
Animal Motor Works,54.0,K,166.6199030617979,2120.0
AeroTech,54.0,K,189.35396617973507,2530.0
Animal Motor Works,54.0,K,174.16630260666957,2392.0
AeroTech,54.0,K,194.03978843862959,1472.0
AeroTech,54.0,K,185.60505579830192,2225.0
Hypertek,75.0,L,166.6736140321625,2639.0
Hypertek,75.0,L,168.42519723079747,2789.0
Ellis Mountain,76.0,L,203.39470065472156,2973.0
Hypertek,75.0,L,191.4775801965744,3043.0
Hypertek,75.0,L,177.42479516179822,2851.0
Hypertek,75.0,L,183.26162082813906,2774.0
Hypertek,75.0,L,188.86062918218425,2994.0
Hypertek,75.0,L,183.83678321082192,4615.0
Hypertek,75.0,L,203.28247002322476,3095.0
Hypertek,75.0,L,184.33050036584677,4716.0
Hypertek,75.0,L,192.89333210354351,4831.0
R.A.T.T. Works,64.0,L,146.04763228616437,3152.0
Ellis Mountain,76.0,L,205.89337320121533,4995.0
Hypertek,75.0,L,199.104253429,3131.0
Hypertek,75.0,L,193.96198799480678,4951.0
Animal Motor Works,75.0,L,167.10950685984525,2700.0
Animal Motor Works,75.0,L,221.11918751077852,2590.0
Cesaroni Technology,54.0,L,208.62712786466173,2765.0
Hypertek,75.0,L,197.4780255179433,5033.0
Animal Motor Works,75.0,L,181.48452840056416,3137.0
Cesaroni Technology,75.0,L,213.35741199787608,3757.0
Contrail Rockets,75.0,L,119.74388379204892,3759.0
AeroTech,75.0,L,177.4040906094069,3646.0
Cesaroni Technology,75.0,L,148.63807695043025,3762.0
Animal Motor Works,75.0,L,198.57818022955638,3450.0
Loki Research,76.0,L,191.94083919938143,3587.0
AeroTech,98.0,L,172.58826800111203,4656.0
Hypertek,75.0,L,204.83791968569554,5098.0
Kosdon by AeroTech,54.0,L,203.0900718572164,2592.0
Animal Motor Works,75.0,L,192.45285223838653,3623.0
Animal Motor Works,75.0,L,219.66578740982567,3700.0
Cesaroni Technology,75.0,L,142.68188606784724,4815.0
Animal Motor Works,54.0,L,196.90614998492907,2600.0
Animal Motor Works,75.0,L,216.04145015960992,3480.0
Cesaroni Technology,75.0,L,213.5392848413933,5015.0
AeroTech,75.0,L,181.5267622626887,4947.0
AeroTech,75.0,L,188.4919677875427,3517.0
Animal Motor Works,54.0,L,207.51973958793945,2675.0
AeroTech,98.0,L,176.87893688284083,4567.0
Loki Research,54.0,L,207.58701033930393,2851.0
Kosdon by AeroTech,54.0,L,215.63553673645416,2640.0
AeroTech,75.0,L,183.28714322120285,4603.0
AeroTech,98.0,L,208.25225654353633,5089.0
Cesaroni Technology,98.0,M,207.35694989937295,7441.0
Hypertek,75.0,M,202.49554198760615,5143.0
AeroTech,98.0,M,182.88049699311682,6159.0
R.A.T.T. Works,64.0,M,200.37029596394763,6463.0
Hypertek,98.0,M,207.00069182913046,6421.0
Hypertek,75.0,M,198.75543271957994,5126.0
Hypertek,98.0,M,220.30958369550254,9155.0
Ellis Mountain,76.0,M,212.525596704808,7320.0
Hypertek,98.0,M,194.25468319697978,9835.0
Hypertek,98.0,M,216.0083673023911,9114.0
Hypertek,98.0,M,198.66698031835645,6334.0
Hypertek,98.0,M,194.5138242515599,10100.0
AeroTech,75.0,M,202.86246920737207,5417.0
AeroTech,75.0,M,195.5997912903031,6714.0
Animal Motor Works,75.0,M,198.89342676553176,5711.0
Cesaroni Technology,75.0,M,212.9702311839387,6251.0
AeroTech,98.0,M,193.92244652318504,7756.0
Animal Motor Works,75.0,M,197.07781175671084,5800.0
AeroTech,75.0,M,180.07762631963135,5600.0
AeroTech,98.0,M,179.36420402956722,7084.0
Animal Motor Works,98.0,M,167.28354406112496,8115.0
Loki Research,76.0,M,205.274008070268,6303.0
Animal Motor Works,75.0,M,178.8046966436365,5920.0
Animal Motor Works,75.0,M,227.52084706384343,6100.0
AeroTech,98.0,M,186.79798136975322,10480.0
AeroTech,98.0,M,175.04720843568788,9218.0
Animal Motor Works,98.0,N,203.04404100304546,10280.0
Animal Motor Works,75.0,M,171.8796268777511,6350.0
AeroTech,98.0,M,213.01009458619816,7717.0
Animal Motor Works,75.0,M,186.78814615164583,7784.0
AeroTech,98.0,M,209.2614699455219,9671.0
Cesaroni Technology,98.0,M,227.44209461652196,7450.0
Animal Motor Works,98.0,N,193.4447217577543,10610.0
Animal Motor Works,98.0,N,226.76828262339015,11450.0
Contrail Rockets,98.0,M,279.5190059086443,6060.0
Animal Motor Works,75.0,M,196.6400627369083,7367.0
AeroTech,98.0,N,175.5264115972075,13350.0
Cesaroni Technology,98.0,N,207.09202194904722,13770.0
Animal Motor Works,98.0,N,221.7657566186839,16460.0
AeroTech,98.0,N,206.1954270412735,19360.0
Cesaroni Technology,161.0,O,230.72336660704323,29990.0
AeroTech,38.0,I,224.5264186204553,422.9
AeroTech,75.0,K,223.11332536741125,1322.0
AeroTech,38.0,I,146.7529525633501,570.1
AeroTech,38.0,I,142.0551076514379,367.9
AeroTech,38.0,I,139.65341488277267,452.1
AeroTech,98.0,K,211.3628325948116,2540.0
AeroTech,38.0,G,226.54933533046244,108.9
AeroTech,38.0,J,141.2426378978367,798.1
AeroTech,75.0,M,189.4065853843106,7659.0
AeroTech,54.0,J,231.36032409099033,843.4
AeroTech,54.0,J,209.56550086154704,1215.0
AeroTech,29.0,G,170.42558613659529,107.0
Animal Motor Works,38.0,I,189.87187361109787,358.0
Animal Motor Works,38.0,I,180.74974793488363,358.0
Animal Motor Works,38.0,I,191.131498470948,594.0
AeroTech,29.0,F,178.03046618139007,49.6
AeroTech,38.0,G,224.03151846498253,136.7
AeroTech,38.0,J,198.75637104994902,974.9
AeroTech,75.0,M,181.4237750929249,5964.0
AeroTech,98.0,M,171.58134519774634,9325.0
Animal Motor Works,75.0,L,170.93961658935828,4744.0
Animal Motor Works,98.0,N,196.05778140749612,14800.0
Kosdon by AeroTech,38.0,I,182.1709249942455,554.0
Kosdon by AeroTech,38.0,I,198.69037129183297,575.0
Kosdon by AeroTech,54.0,K,167.83190152592383,2468.0
Kosdon by AeroTech,54.0,K,171.4037921055219,2423.0
Kosdon by AeroTech,75.0,M,191.91137639241978,7813.0
Kosdon by AeroTech,75.0,M,126.43509207175491,5290.0
Roadrunner Rocketry,29.0,F,207.2714916751614,61.0
AeroTech,29.0,G,154.434250764526,90.9
AeroTech,29.0,H,202.47120044385895,231.0
AeroTech,38.0,I,197.35144243663245,351.0
AeroTech,38.0,J,203.2551180650787,723.0
AeroTech,54.0,K,168.865000669282,1968.0
AeroTech,54.0,I,191.77151262107904,412.0
AeroTech,54.0,I,211.67488402088662,407.0
AeroTech,54.0,I,195.5422253587391,399.0
AeroTech,54.0,I,211.66261533234007,404.9
AeroTech,54.0,I,151.43697327410092,361.0
AeroTech,54.0,J,153.0098566814653,731.0
AeroTech,54.0,K,156.56822544149938,1496.0
AeroTech,54.0,K,157.39695139923663,2120.0
Gorilla Rocket Motors,54.0,K,181.9179800831177,1740.0
Gorilla Rocket Motors,54.0,K,182.57142110353118,1397.0
Gorilla Rocket Motors,54.0,J,184.24266001015766,1023.0
Gorilla Rocket Motors,54.0,K,167.43119266055044,1314.0
Gorilla Rocket Motors,54.0,J,161.39993204213388,950.0
Gorilla Rocket Motors,54.0,J,173.66436456813187,1121.0
Gorilla Rocket Motors,54.0,J,174.50024358391772,852.5
Gorilla Rocket Motors,54.0,K,164.72986748216104,1616.0
Gorilla Rocket Motors,54.0,K,160.83361649110884,1420.0
AeroTech,24.0,E,133.49643221202854,32.74
AeroTech,38.0,I,187.9223770151395,597.3
Cesaroni Technology,38.0,I,209.34981476533093,634.6
Cesaroni Technology,98.0,L,204.38011662582863,4842.0
Cesaroni Technology,98.0,M,211.08335562940346,10130.0
Cesaroni Technology,98.0,M,209.41792455325955,7441.0
Cesaroni Technology,98.0,M,210.099551942392,9955.0
Cesaroni Technology,98.0,N,210.3290952245837,14010.0
Loki Research,54.0,J,178.6231985710144,1146.0
Loki Research,54.0,J,175.65470217174527,1108.0
Contrail Rockets,38.0,H,144.87213579754464,261.5
Apogee Components,29.0,F,189.24566768603466,74.26
Apogee Components,24.0,E,175.1459549624687,37.8
Quest Aerospace,20.0,D,79.9592252803262,19.61
AeroTech,54.0,K,206.19060976133494,1762.0
AeroTech,75.0,M,209.9599487521642,5485.0
AeroTech,98.0,M,201.44653172176106,7802.0
AeroTech,29.0,G,200.475705062861,118.0
Cesaroni Technology,161.0,O,224.35955371291507,40960.0
Cesaroni Technology,161.0,O,223.67637441130583,30610.0
Cesaroni Technology,38.0,G,231.91446545860015,140.6
Cesaroni Technology,38.0,H,195.40384961323974,260.7
Cesaroni Technology,38.0,H,225.31661437869687,273.2
Cesaroni Technology,38.0,I,224.10700834738125,407.6
Cesaroni Technology,38.0,I,193.01576214547856,517.3
Cesaroni Technology,38.0,I,222.71871051598495,540.1
Cesaroni Technology,38.0,J,193.78439247607915,649.2
Cesaroni Technology,38.0,J,192.48095463389564,773.8
Cesaroni Technology,54.0,J,184.21762363836663,806.0
Cesaroni Technology,54.0,J,181.32255759276782,1190.0
Cesaroni Technology,54.0,K,182.38916087272528,1596.0
Cesaroni Technology,54.0,K,182.29773773444322,1994.0
Cesaroni Technology,54.0,K,181.57251209776055,2353.0
Cesaroni Technology,54.0,L,187.46688398839157,2788.0
Cesaroni Technology,98.0,K,208.48766974869542,2440.0
Cesaroni Technology,98.0,L,205.41162216223927,4808.0
Cesaroni Technology,98.0,M,208.2598143719209,7312.0
Cesaroni Technology,98.0,M,190.66814938374569,9876.0
AeroTech,24.0,F,194.01970778117567,57.1
AeroTech,29.0,G,187.6524996713093,109.9
Cesaroni Technology,54.0,J,207.48030076101418,1093.0
Cesaroni Technology,54.0,K,200.4567224186926,1408.0
Cesaroni Technology,54.0,J,212.5866320423237,746.6
Loki Research,38.0,G,208.12096500169895,122.5
Cesaroni Technology,38.0,G,207.624872579001,127.3
Cesaroni Technology,38.0,H,232.90519877675843,285.6
Cesaroni Technology,54.0,K,209.1055983271552,2398.0
Cesaroni Technology,98.0,N,194.0351941581742,14200.0
Cesaroni Technology,38.0,H,192.60253764617156,232.4
Loki Research,38.0,J,206.03838523341332,751.9
Loki Research,76.0,L,215.1814325362973,3882.0
Loki Research,38.0,H,199.11654774040096,234.4
Loki Research,38.0,I,208.03601766904518,489.8
Loki Research,38.0,J,197.54365196803786,720.9
Loki Research,38.0,H,220.94801223241592,260.1
Loki Research,38.0,I,226.1722731906218,532.5
Roadrunner Rocketry,29.0,E,192.9871440871708,39.0
Kosdon by AeroTech,75.0,M,171.6558401379258,7310.0
Kosdon by AeroTech,38.0,J,225.7171981942624,682.0
Kosdon by AeroTech,54.0,L,214.45635004007437,2756.0
AeroTech,29.0,G,169.84239002587626,108.3
AeroTech,29.0,G,163.8952599388379,102.9
AeroTech,29.0,G,195.3016402557687,84.3
AeroTech,98.0,M,149.43690796685513,8208.0
Animal Motor Works,75.0,K,164.3322776889005,1812.0
AeroTech,54.0,J,222.42569685073138,1115.0
AeroTech,75.0,L,206.62645871235767,5104.0
AeroTech,75.0,M,202.2463290547774,5220.0
AeroTech,98.0,L,172.71363024412614,3043.0
AeroTech,54.0,K,195.49302357439575,2426.0
Loki Research,76.0,M,211.7549738970145,6502.0
Loki Research,38.0,H,169.89466530750934,200.0
AeroTech,24.0,F,187.10335076123772,56.9
Kosdon by AeroTech,29.0,G,161.62645826254388,142.7
Kosdon by AeroTech,29.0,G,182.21202854230376,143.0
Kosdon by AeroTech,29.0,H,179.33595456531233,246.3
Kosdon by AeroTech,29.0,H,184.86583431054697,241.2
Kosdon by AeroTech,38.0,J,201.34855838921152,645.9
Kosdon by AeroTech,54.0,K,199.15173028689514,1434.0
AeroTech,75.0,L,204.0285960362963,3949.0
Loki Research,38.0,J,178.115374919163,650.0
Cesaroni Technology,38.0,G,210.11127690204052,128.0
Cesaroni Technology,38.0,H,212.36833163438664,255.0
Cesaroni Technology,38.0,I,183.67528676876265,369.2
Cesaroni Technology,38.0,I,205.54014004505217,370.0
Cesaroni Technology,38.0,I,193.35704171106218,419.2
Cesaroni Technology,75.0,K,205.06385290494373,2412.0
Cesaroni Technology,54.0,K,213.8549099558274,2014.0
Cesaroni Technology,54.0,K,214.16659669233596,2372.0
Cesaroni Technology,75.0,L,212.58614530785783,3660.0
Cesaroni Technology,75.0,L,213.53169303765512,4864.0
Animal Motor Works,54.0,J,183.41643208792817,945.9
Animal Motor Works,54.0,J,208.61925941112037,1099.0
Animal Motor Works,54.0,J,191.95428677152103,1079.0
Animal Motor Works,54.0,J,137.73452160905052,976.9
Animal Motor Works,54.0,J,144.51620907900173,1025.0
Animal Motor Works,54.0,J,222.0699668937499,1196.0
Animal Motor Works,54.0,J,214.06727828746176,932.4
Animal Motor Works,54.0,K,211.1344597634383,1483.0
Animal Motor Works,54.0,K,192.39903720426318,1442.0
Animal Motor Works,54.0,K,145.82037974630003,1379.0
Animal Motor Works,54.0,K,192.77262756776662,1806.0
Animal Motor Works,54.0,K,140.42745779774214,1660.0
Animal Motor Works,54.0,K,145.9261233139188,1725.0
Animal Motor Works,54.0,K,202.49607405570708,1176.0
Animal Motor Works,54.0,L,209.77727399745748,2665.0
Gorilla Rocket Motors,38.0,H,133.1659919982559,226.0
Gorilla Rocket Motors,38.0,I,184.66893067734466,327.9
Gorilla Rocket Motors,38.0,H,178.73300576114718,312.1
Gorilla Rocket Motors,38.0,I,186.07671164669983,553.1
Gorilla Rocket Motors,38.0,I,179.4974072596729,526.5
Gorilla Rocket Motors,54.0,J,199.5938090902724,1026.0
Gorilla Rocket Motors,54.0,K,198.03194798594498,1356.0
Gorilla Rocket Motors,54.0,K,201.37281240770906,1691.0
Gorilla Rocket Motors,54.0,K,190.84058294816114,2460.0
Gorilla Rocket Motors,75.0,L,194.6313285762827,3580.0
Gorilla Rocket Motors,75.0,L,184.57598605123172,3252.0
AeroTech,98.0,N,173.68467050247972,14130.0
Gorilla Rocket Motors,75.0,M,197.13540316867946,5705.0
Gorilla Rocket Motors,75.0,M,185.9779469402937,5165.0
Gorilla Rocket Motors,75.0,L,159.35905108309268,4210.0
Cesaroni Technology,38.0,I,172.47706422018345,338.4
Cesaroni Technology,38.0,I,166.35625761651835,434.1
Animal Motor Works,38.0,I,168.18022673966453,542.8
Cesaroni Technology,38.0,J,169.86892369155365,659.9
Animal Motor Works,54.0,J,213.94381206589085,1109.0
Animal Motor Works,54.0,J,178.4074853009161,1233.0
Animal Motor Works,54.0,K,207.29965634092144,1791.0
Animal Motor Works,54.0,K,194.93311448251407,2551.0
Cesaroni Technology,161.0,O,213.95209546352447,37150.0
Cesaroni Technology,29.0,F,205.0681702344546,51.5
Cesaroni Technology,29.0,G,214.24681472438164,107.4
Cesaroni Technology,29.0,H,217.03102094954062,163.3
Cesaroni Technology,29.0,H,216.3292189927289,217.1
Cesaroni Technology,29.0,H,207.85861788365176,260.8
Cesaroni Technology,29.0,H,209.58843847974617,315.4
Cesaroni Technology,54.0,K,208.69019970504885,2383.0
Cesaroni Technology,54.0,L,206.330803900851,2771.0
Cesaroni Technology,75.0,L,210.98546807955807,4895.0
Cesaroni Technology,75.0,M,289.155934588161,6042.0
Cesaroni Technology,29.0,G,211.44908409719477,159.1
Cesaroni Technology,29.0,G,213.7896294180876,107.8
Cesaroni Technology,29.0,H,217.0949731011131,164.2
Cesaroni Technology,29.0,H,214.3845912810322,216.2
Cesaroni Technology,29.0,H,212.59970569219846,268.0
Cesaroni Technology,29.0,H,206.05512519980806,311.7
Cesaroni Technology,38.0,J,214.33519728406688,1008.0
Cesaroni Technology,29.0,I,191.17273504019738,347.7
Cesaroni Technology,38.0,J,197.33125392872202,1116.0
Cesaroni Technology,75.0,L,186.5091918872368,2653.0
Cesaroni Technology,75.0,M,191.80657661124275,6819.0
Cesaroni Technology,75.0,L,192.79003630399436,3618.0
Cesaroni Technology,75.0,M,195.58086752171099,6132.0
Animal Motor Works,54.0,K,181.26044082633922,1531.0
Cesaroni Technology,29.0,G,187.97145769622836,138.3
Cesaroni Technology,29.0,H,179.9184505606524,176.5
Cesaroni Technology,29.0,H,179.8165137614679,220.5
Cesaroni Technology,29.0,H,175.33129459734963,258.0
Cesaroni Technology,54.0,K,180.7615627764764,1364.0
Cesaroni Technology,54.0,K,175.35461866996596,1654.0
Alpha Hybrids,54.0,I,155.5847132833042,540.0
Loki Research,38.0,I,173.5474006116208,408.6
Loki Research,76.0,M,175.95088349805332,5123.0
Loki Research,76.0,L,170.23445463812436,3006.0
Loki Research,54.0,K,166.52104266783167,2287.0
Loki Research,54.0,K,117.66419105868647,1616.0
Loki Research,54.0,J,160.85281362843173,931.0
Loki Research,38.0,J,167.58196305725005,942.0
Gorilla Rocket Motors,54.0,J,187.9182732792625,1060.0
Gorilla Rocket Motors,54.0,K,188.5497658118633,1415.0
Gorilla Rocket Motors,54.0,K,189.3878426954236,1765.0
Cesaroni Technology,54.0,K,179.5731519376479,2010.0
Cesaroni Technology,54.0,K,175.00922900231063,2304.0
Cesaroni Technology,29.0,F,60.866610527559864,41.2
Cesaroni Technology,29.0,G,145.64868086870885,84.3
Cesaroni Technology,29.0,G,144.04613157900792,125.2
Cesaroni Technology,29.0,H,143.281191063742,166.0
Cesaroni Technology,29.0,H,142.40764222117247,206.2
Cesaroni Technology,29.0,H,145.45132215654752,252.7
Cesaroni Technology,75.0,L,136.25416783426942,4026.0
Cesaroni Technology,75.0,L,136.95140075967635,5069.0
Cesaroni Technology,54.0,I,227.59654881392433,474.9
Cesaroni Technology,29.0,F,222.62059592018466,57.0
Cesaroni Technology,29.0,G,226.96101162001247,116.0
Cesaroni Technology,29.0,H,216.77864072101383,166.3
Cesaroni Technology,29.0,H,224.10458344206265,229.3
Cesaroni Technology,29.0,H,216.94241877728112,282.2
Animal Motor Works,54.0,K,217.35376525570538,1951.0
Cesaroni Technology,29.0,H,184.62986605262665,167.9
Cesaroni Technology,29.0,H,177.66127857870978,305.0
Cesaroni Technology,29.0,H,141.68573974701724,287.3
Cesaroni Technology,38.0,G,196.7891876148757,150.0
Cesaroni Technology,38.0,H,189.08483993809844,286.4
Cesaroni Technology,38.0,I,207.49439347604485,636.1
Cesaroni Technology,54.0,L,218.53736066469418,2772.0
Cesaroni Technology,75.0,L,171.18291007401496,4828.0
AeroTech,38.0,I,190.4477760373934,383.0
AeroTech,38.0,I,182.1370750134916,486.0
Cesaroni Technology,29.0,G,198.6460702057032,159.6
Cesaroni Technology,29.0,H,193.9725897738149,311.5
Cesaroni Technology,75.0,M,171.81563339820218,5933.0
Animal Motor Works,54.0,L,188.60035591492596,2729.0
Cesaroni Technology,54.0,K,188.4936602464367,2108.0
Cesaroni Technology,54.0,K,187.6665414811238,1679.0
Cesaroni Technology,54.0,J,205.99728168535506,1261.0
Cesaroni Technology,54.0,J,205.31933662667606,837.9
Cesaroni Technology,54.0,I,209.78232433944052,465.1
Cesaroni Technology,54.0,I,217.7015467801267,491.2
Cesaroni Technology,54.0,J,171.43459724921286,682.8
Cesaroni Technology,38.0,J,155.40161018535855,896.4
Cesaroni Technology,38.0,J,184.74426073620197,998.6
Cesaroni Technology,29.0,H,193.59582759880442,207.2
Cesaroni Technology,29.0,H,194.53188290122296,260.3
Cesaroni Technology,75.0,M,199.84002121187044,6738.0
Cesaroni Technology,98.0,N,199.2589448953252,17790.0
Animal Motor Works,75.0,M,212.03267348104356,8212.0
AeroTech,18.0,D,195.0321412968857,18.75
AeroTech,75.0,L,154.07019076743848,4232.0
Cesaroni Technology,54.0,J,170.9039405469599,1016.0
Cesaroni Technology,38.0,J,196.4926559623053,985.0
Cesaroni Technology,38.0,J,197.3043379771208,783.9
Cesaroni Technology,38.0,J,198.912875797421,657.6
Cesaroni Technology,38.0,I,202.96749348737114,537.6
Cesaroni Technology,38.0,I,206.37204932941574,413.0
Cesaroni Technology,38.0,H,203.79973112322529,275.9
Cesaroni Technology,38.0,G,208.15789862459187,140.9
Cesaroni Technology,38.0,J,173.6610048757722,848.4
Loki Research,38.0,J,217.03821117817947,1220.0
Loki Research,76.0,L,179.82235798810248,3200.0
Loki Research,76.0,M,178.37311473914926,5477.0
Loki Research,76.0,M,207.10745544658866,8838.0
Loki Research,98.0,N,208.03428405001145,12500.0
Loki Research,38.0,G,177.98488746500976,110.0
Cesaroni Technology,29.0,F,180.78111958934974,54.8
Cesaroni Technology,29.0,I,213.08980213089802,381.5
Cesaroni Technology,54.0,L,204.71927698381566,3147.0
Cesaroni Technology,98.0,M,175.2160579267883,8089.0
Cesaroni Technology,98.0,N,170.66481338233936,11080.0
Cesaroni Technology,98.0,N,175.51542578737622,14260.0
Cesaroni Technology,98.0,M,259.1677292919718,7579.0
Cesaroni Technology,98.0,M,209.52024322179724,9870.0
Cesaroni Technology,98.0,N,207.6741714411366,13770.0
Cesaroni Technology,98.0,N,212.463845856213,17610.0
Cesaroni Technology,75.0,M,193.5744665893353,5507.0
Cesaroni Technology,75.0,M,198.1587582582762,7455.0
Cesaroni Technology,75.0,M,212.32282841136944,7388.0
Animal Motor Works,75.0,M,178.45524921835283,6775.0
Gorilla Rocket Motors,54.0,K,175.9445729013865,2123.0
Gorilla Rocket Motors,54.0,K,178.3893985728848,2450.0
Gorilla Rocket Motors,54.0,K,187.19444172923286,2413.0
Gorilla Rocket Motors,75.0,L,164.89049516572453,2669.0
Gorilla Rocket Motors,75.0,L,196.4176496286588,3372.0
Gorilla Rocket Motors,75.0,L,208.24231833406145,3575.0
Gorilla Rocket Motors,75.0,M,165.7235986742112,5973.0
AeroTech,54.0,J,173.2925586136595,945.2
AeroTech,38.0,J,178.92833935407177,1162.0
AeroTech,75.0,M,230.2736365953109,5783.0
AeroTech,98.0,M,224.49336978411665,8307.0
AeroTech,98.0,N,190.52085470586513,14040.0
AeroTech,24.0,E,220.23382539862322,35.0
Quest Aerospace,18.0,A,30.095626425901656,1.86
Quest Aerospace,18.0,B,37.638202775817454,3.84
Cesaroni Technology,29.0,G,189.39857288481141,92.9
Cesaroni Technology,54.0,I,194.41993854346222,501.8
Cesaroni Technology,75.0,M,214.82925849493807,6118.0
Cesaroni Technology,75.0,M,208.06046921991503,6162.0
Cesaroni Technology,75.0,M,214.23764619696234,7545.0
Cesaroni Technology,75.0,M,224.10532950486729,5472.0
Cesaroni Technology,98.0,M,222.08253721192045,5342.0
Cesaroni Technology,98.0,M,228.85406735155738,9995.0
Cesaroni Technology,98.0,N,212.70514494293215,17630.0
Cesaroni Technology,98.0,N,227.69388133996094,20150.0
Animal Motor Works,76.0,L,177.15522845336812,4701.0
Kosdon TRM,29.0,H,204.89296636085626,160.8
Kosdon TRM,29.0,G,148.76673898080625,136.6
Kosdon TRM,29.0,I,167.42321914009412,404.2
Cesaroni Technology,29.0,G,187.49300289311955,159.1
Cesaroni Technology,29.0,H,172.12657710543357,298.2
Cesaroni Technology,54.0,K,174.57228466402776,1978.0
Cesaroni Technology,75.0,M,229.60259504956545,6800.0
Cesaroni Technology,75.0,M,160.94340946082036,6287.0
Quest Aerospace,24.0,D,86.13659531090723,18.59
Quest Aerospace,20.0,D,74.79612640163099,17.61
AeroTech,75.0,K,207.50829785370993,2512.0
Cesaroni Technology,29.0,F,225.63085985503218,56.0
Cesaroni Technology,29.0,G,221.6017373576209,110.0
Cesaroni Technology,29.0,H,225.227947605291,167.7
Cesaroni Technology,54.0,I,191.66443801041072,395.6
Cesaroni Technology,54.0,K,176.12579064984902,1597.0
Cesaroni Technology,54.0,K,201.49683362118594,1526.0
Cesaroni Technology,54.0,K,202.72026643741975,2285.0
Cesaroni Technology,54.0,K,205.00086155114633,2546.0
Cesaroni Technology,98.0,N,169.9343603227681,14270.0
Cesaroni Technology,98.0,N,202.89343683839093,10350.0
AeroTech,54.0,K,172.31804900081826,2228.0
AeroTech,54.0,K,179.33617998945914,2273.0
AeroTech,29.0,G,183.73039853015683,120.4
AeroTech,38.0,H,178.68264141985392,319.9
AeroTech,38.0,J,182.00606035217072,651.7
AeroTech,54.0,K,185.57218147424538,1596.0
Quest Aerospace,13.0,A,48.41997961264016,1.71
R.A.T.T. Works,64.0,K,113.45955937940487,1861.0
R.A.T.T. Works,64.0,K,97.6182057503871,2170.0
AeroTech,98.0,L,175.51580927836608,4642.0
AeroTech,75.0,L,204.31345510767142,3716.0
AeroTech,54.0,I,187.93194034676472,418.5
Cesaroni Technology,24.0,G,220.42479338075947,142.5
Cesaroni Technology,24.0,G,187.31055173797526,139.1
Cesaroni Technology,24.0,F,229.77832951490865,68.3
Cesaroni Technology,24.0,G,183.38314189576676,142.3
Cesaroni Technology,24.0,F,186.28950050968396,73.1
Cesaroni Technology,24.0,G,183.868501529052,144.3
Cesaroni Technology,24.0,G,172.75188477581156,131.0
Cesaroni Technology,24.0,F,172.35199463115907,67.8
Cesaroni Technology,29.0,H,176.96481597558582,167.7
Cesaroni Technology,29.0,G,183.45220287294998,107.8
Cesaroni Technology,29.0,H,184.38818349985277,216.7
Cesaroni Technology,29.0,I,183.4477899515596,381.7
Cesaroni Technology,38.0,J,176.30186305767018,650.3
Cesaroni Technology,38.0,J,172.90590793330577,970.4
Cesaroni Technology,38.0,G,182.76479853788166,136.8
Cesaroni Technology,38.0,H,179.75879856192964,269.1
Cesaroni Technology,38.0,I,183.21013186765225,411.4
Cesaroni Technology,38.0,I,183.09879853520965,548.2
Cesaroni Technology,38.0,J,182.65791853873665,683.6
Cesaroni Technology,38.0,J,182.2971985416224,818.7
Cesaroni Technology,54.0,I,178.65872602003037,613.6
Cesaroni Technology,54.0,J,181.53744678299452,1211.0
Cesaroni Technology,54.0,K,178.83183259712314,2021.0
Cesaroni Technology,54.0,J,217.96954638124362,821.1
Cesaroni Technology,54.0,J,224.04858987427795,1266.0
Cesaroni Technology,54.0,K,216.7484284743459,1633.0
Cesaroni Technology,75.0,M,197.56847098785875,8429.0
Cesaroni Technology,75.0,L,170.62830136224628,2946.0
Cesaroni Technology,75.0,M,169.44790066535666,6827.0
Cesaroni Technology,75.0,M,172.6073577918402,8187.0
Cesaroni Technology,161.0,O,177.7359575524713,29920.0
Animal Motor Works,54.0,K,181.7697491415529,2245.0
AeroTech,24.0,F,153.5586397971719,47.0
AeroTech,29.0,G,228.77530216979756,157.1
Cesaroni Technology,98.0,M,181.5400644848157,7649.0
Cesaroni Technology,98.0,N,184.57911778301434,10370.0
Cesaroni Technology,98.0,N,182.73275089218694,15230.0
Animal Motor Works,54.0,K,220.16677528784612,1581.0
Animal Motor Works,54.0,K,210.93514199966967,1852.0
AeroTech,38.0,I,185.88819759335422,634.6
Cesaroni Technology,24.0,E,24.308005959382108,24.8
Cesaroni Technology,24.0,G,184.3880490778182,114.5
Cesaroni Technology,24.0,G,198.52372380188118,137.3
Cesaroni Technology,24.0,F,222.62754955429114,73.6
Cesaroni Technology,54.0,K,225.7498956177777,1874.0
Cesaroni Technology,54.0,J,187.24760062021448,867.2
Cesaroni Technology,54.0,K,184.38441083783064,1281.0
Cesaroni Technology,75.0,M,180.43461206558405,7521.0
Cesaroni Technology,75.0,K,174.3141000980245,2406.0
Cesaroni Technology,75.0,L,177.93044142015836,3683.0
Cesaroni Technology,98.0,N,184.7484953325186,19320.0
Cesaroni Technology,54.0,I,226.9101631564701,512.2
Cesaroni Technology,132.0,O,216.9062921140931,30790.0
AeroTech,38.0,H,162.9836958712717,283.0
AeroTech,38.0,I,155.2088552555043,539.0
AeroTech,54.0,K,150.7864200408218,1281.0
AeroTech,75.0,L,159.50304985666168,3868.0
AeroTech,54.0,K,219.71678763985605,1789.0
Gorilla Rocket Motors,98.0,M,153.80368017982696,7532.0
Gorilla Rocket Motors,98.0,M,183.25286849081698,9580.0
AeroTech,98.0,M,172.16825568147746,6891.0
AeroTech,98.0,M,147.6572824380865,5571.0
AeroTech,75.0,L,147.65557114773313,3769.0
Cesaroni Technology,24.0,E,239.68923051491856,26.1
Cesaroni Technology,24.0,E,184.0948164376892,24.2
Cesaroni Technology,24.0,F,191.9756123443213,59.7
Cesaroni Technology,24.0,F,231.67454360114908,75.0
Cesaroni Technology,38.0,J,176.36546127054513,1013.0
Cesaroni Technology,38.0,J,260.231165456192,654.3
Cesaroni Technology,54.0,L,176.08960493274657,2833.0
Cesaroni Technology,54.0,K,179.35487927000676,1997.0
Cesaroni Technology,75.0,K,215.52880408339203,2330.0
Cesaroni Technology,75.0,L,216.32889859091222,3300.0
Cesaroni Technology,75.0,L,168.2547554107187,3420.0
Cesaroni Technology,75.0,K,169.8946653075093,1955.0
Cesaroni Technology,75.0,L,229.2374003708252,2856.0
Cesaroni Technology,75.0,L,228.11368762390939,4263.0
Cesaroni Technology,75.0,K,209.56550086154704,2430.0
Cesaroni Technology,75.0,L,214.159216776016,3727.0
Cesaroni Technology,98.0,N,170.6250535882706,17910.0
Cesaroni Technology,75.0,M,224.72613006686444,5604.0
Cesaroni Technology,75.0,M,182.1379296717449,6268.0
Cesaroni Technology,75.0,M,173.5345625955104,5880.0
Estes Industries,24.0,E,77.34703091325717,27.24
Estes Industries,24.0,E,192.19095396809035,33.56
Estes Industries,29.0,F,147.08699631750358,62.19
Estes Industries,29.0,F,206.64391243655845,76.83
Estes Industries,29.0,G,179.71217191983436,97.14
Cesaroni Technology,75.0,M,200.4382036783233,9977.0
Cesaroni Technology,24.0,G,213.50181178523883,139.7
Cesaroni Technology,98.0,N,200.97634207072568,12070.0
Cesaroni Technology,38.0,I,172.41012065056975,566.6
Cesaroni Technology,98.0,M,210.80774231353806,8634.0
Cesaroni Technology,98.0,O,196.4125334698708,21060.0
AeroTech,75.0,M,178.41299505417751,7561.0
AeroTech,29.0,H,280.699137266602,225.8
Estes Industries,29.0,F,84.28474345905538,49.61
AeroTech,29.0,H,209.2806807605371,236.1
Cesaroni Technology,98.0,N,218.35589704303177,13630.0
AeroTech,38.0,I,187.16264768302668,336.0
AeroTech,38.0,I,161.08885730283845,561.0
AeroTech,38.0,J,188.08810978138436,703.0
Estes Industries,29.0,E,85.06625891946993,33.38
AeroTech,29.0,G,218.9246693895422,128.0
AeroTech,29.0,H,155.1604376967696,172.0
AeroTech,38.0,I,202.56671632818419,620.0
AeroTech,75.0,L,184.00978100526314,4780.0
AeroTech,75.0,L,173.82906808305168,4374.0
AeroTech,98.0,N,151.28028390739658,10660.0
AeroTech,24.0,F,214.7399576729433,41.5
AeroTech,29.0,G,214.6379168579603,82.75
Gorilla Rocket Motors,152.0,O,163.7044438388793,24330.0
Southern Cross Rocketry,18.0,B,82.22901800883452,4.84
Southern Cross Rocketry,18.0,C,75.00849473326538,8.83
Southern Cross Rocketry,18.0,A,80.86986068637444,2.38
AeroTech,29.0,H,193.2367149758454,218.0
AeroTech,29.0,I,187.06487084390656,345.0
AeroTech,38.0,H,181.22097632800995,320.0
AeroTech,38.0,J,190.51539693741526,680.3
AeroTech,54.0,I,171.6972612258914,635.0
AeroTech,54.0,K,196.2112349403772,1434.0
AeroTech,54.0,L,197.61176641910586,2714.0
AeroTech,18.0,C,175.64494628714814,8.96
AeroTech,18.0,D,163.95629102479828,17.21
Cesaroni Technology,24.0,F,239.66474119379316,52.9
Cesaroni Technology,24.0,F,231.2111945139468,49.9
Cesaroni Technology,29.0,F,180.00879588434435,52.8
Cesaroni Technology,29.0,F,80.82131935342943,55.5
Cesaroni Technology,29.0,G,184.41410825920042,143.1
Cesaroni Technology,29.0,H,179.71795875182977,186.0
Cesaroni Technology,29.0,H,180.99771318431544,234.2
Cesaroni Technology,38.0,I,179.73306951834635,394.6
Cesaroni Technology,38.0,J,176.04531690753987,644.0
Cesaroni Technology,38.0,J,170.43933377828554,949.2
Cesaroni Technology,54.0,L,168.1988982177276,2645.0
Cesaroni Technology,54.0,K,184.7604485219164,1711.0
Cesaroni Technology,54.0,K,184.00456123982792,2130.0
Cesaroni Technology,54.0,K,173.32172507980675,2377.0
Cesaroni Technology,54.0,J,170.89692160644574,699.1
Cesaroni Technology,75.0,M,177.03557706684268,5198.0
Cesaroni Technology,75.0,L,147.02365690152035,4937.0
Cesaroni Technology,98.0,N,172.18361414635976,16800.0
Gorilla Rocket Motors,75.0,M,185.490419668619,5368.0
Gorilla Rocket Motors,75.0,M,186.16174507238583,6958.0
Gorilla Rocket Motors,75.0,M,211.31150655097775,7898.0
Gorilla Rocket Motors,98.0,N,206.81996981691168,10810.0
Gorilla Rocket Motors,98.0,N,196.69105967308397,14240.0
Gorilla Rocket Motors,152.0,O,163.7044438388793,24330.0
Gorilla Rocket Motors,54.0,J,178.8308571520303,1114.0
AeroTech,75.0,M,196.21886474995168,5178.0
AeroTech,38.0,H,180.7061440088963,312.0
Loki Research,54.0,J,198.61234421755285,1208.0
Loki Research,54.0,K,199.15337219987646,1983.0
Loki Research,76.0,M,206.2405519104471,6535.0
Loki Research,76.0,M,214.53768555968415,9395.0
Gorilla Rocket Motors,75.0,L,210.04643787518404,3709.0
Gorilla Rocket Motors,75.0,M,207.03123659290833,6032.0
Loki Research,38.0,J,209.66546195903993,1267.0
Loki Research,38.0,K,209.91792780783604,1285.0
Loki Research,76.0,L,191.1437859346877,3889.0
Loki Research,76.0,M,174.33916710036402,7296.0
Loki Research,54.0,L,224.39412979629586,3707.0
Loki Research,54.0,L,204.98346301674871,4802.0
AeroTech,54.0,J,197.69561053964722,704.0
AeroTech,38.0,H,191.06831450451133,226.8
AeroTech,54.0,L,194.4808504441532,2671.0
AeroTech,38.0,H,178.3893985728848,210.0
AeroTech,38.0,I,184.61886963416015,326.0
AeroTech,98.0,L,205.72459083150545,4668.0
AeroTech,98.0,M,217.29651703535052,7301.0
Loki Research,38.0,K,225.06104354834886,1519.0
Loki Research,38.0,H,200.5314082318143,240.0
Loki Research,38.0,I,212.8440366972477,522.0
Loki Research,38.0,G,189.71570959338544,134.0
Loki Research,38.0,G,189.5387359836901,119.0
Loki Research,38.0,G,198.941172602019,121.0
Loki Research,54.0,M,210.26425154865518,5363.0
AeroTech,98.0,M,217.34042990553718,8247.0
AeroTech,38.0,H,217.9015982567872,233.0
AeroTech,54.0,J,210.8692610581439,1055.0
AeroTech,54.0,K,269.6259353683475,1304.0
AeroTech,54.0,K,155.6534948332034,1869.0
AeroTech,54.0,K,155.4869314358431,1867.0
AeroTech,54.0,K,209.31829387441505,1384.0
AeroTech,98.0,M,186.11800624148214,7369.0
AeroTech,38.0,H,211.22986222768688,201.0
AeroTech,38.0,H,224.96397061408135,320.0
AeroTech,75.0,L,160.2865446724002,3887.0
AeroTech,38.0,J,215.10981373366693,742.8
AeroTech,38.0,J,179.60675404871026,671.3
AeroTech,29.0,F,207.61128100577642,61.1
Quest Aerospace,18.0,A,121.35333236250665,2.5
Quest Aerospace,18.0,B,137.61467889908258,4.86
AeroTech,24.0,F,211.99007558709826,55.11
Quest Aerospace,18.0,C,96.05583000078413,9.8
Quest Aerospace,18.0,D,101.12130479102956,12.4
AeroTech,24.0,F,150.59420923002895,47.57
AeroTech,24.0,F,182.8214333200372,49.5
AeroTech,29.0,G,158.8942912947929,130.0
AeroTech,29.0,G,172.7953059347107,139.0
AeroTech,29.0,G,179.0109644215708,144.0
Loki Research,38.0,J,207.52633367312265,732.9
Loki Research,38.0,J,200.7871786159248,709.1
AeroTech,29.0,G,171.25382262996942,105.0
AeroTech,29.0,H,211.97393330420851,232.9
AeroTech,54.0,K,162.98686023456665,2328.0
AeroTech,75.0,L,196.45151981331654,3785.0
AeroTech,75.0,M,246.88661283972192,5493.0
AeroTech,98.0,O,222.8662201211504,21380.0
Animal Motor Works,54.0,K,195.03142748174693,1394.0
AeroTech,29.0,G,175.27043680679174,115.2
AeroTech,38.0,I,202.05329838357358,333.0
AeroTech,29.0,F,224.94053686714238,66.2
AeroTech,29.0,H,184.9574913038452,211.2
Raketenmodellbau Klima,18.0,A,72.811999417504,2.5
Raketenmodellbau Klima,18.0,C,88.40536566443848,9.8
Raketenmodellbau Klima,18.0,C,106.18416581719335,10.0
Raketenmodellbau Klima,18.0,D,126.62956420435479,20.0
AeroTech,54.0,K,163.82699868938403,1350.0
Quest Aerospace,18.0,C,178.93548856851606,9.83
Quest Aerospace,18.0,D,162.04436008295548,13.83
AeroTech,24.0,G,186.24354539529753,89.16
Raketenmodellbau Klima,18.0,B,94.38592517083852,5.0
Raketenmodellbau Klima,18.0,D,104.33531210649394,17.4
AeroTech,24.0,D,164.20319401970775,19.33
AeroTech,24.0,E,155.13332553488968,27.85
AeroTech,75.0,L,241.7996732436848,4329.0
Quest Aerospace,18.0,B,177.29721858162225,4.87
AeroTech,38.0,I,193.9903858592444,374.9
AeroTech,54.0,J,205.11169714453152,745.5
AeroTech,98.0,N,184.45832994694928,13890.0
Estes Industries,152.0,L,235.7895247803505,3886.0
AeroTech,75.0,K,222.54773469020637,1299.0
Quest Aerospace,24.0,E,158.04217133408784,39.38
Quest Aerospace,24.0,F,179.2357373115015,47.65
AeroTech,75.0,K,223.83965607091795,2444.0
AeroTech,29.0,E,201.21437752071978,36.32
AeroTech,29.0,F,214.5658821965164,77.46
AeroTech,54.0,K,176.51871724007648,1439.0
AeroTech,54.0,J,215.73606612421008,1073.0
AeroTech,75.0,M,227.61949367453954,5205.0
AeroTech,98.0,N,189.1031642014604,18180.0
AeroTech,29.0,H,182.64944391193876,240.1
AeroTech,29.0,F,139.9932042133877,41.2
AeroTech,152.0,O,183.57890834955055,39620.0
Loki Research,98.0,N,212.48860121884525,19140.0
Loki Research,54.0,J,223.97878021509015,1270.0
Loki Research,38.0,I,219.99181020587744,505.0
AeroTech,75.0,L,226.44634515598918,3150.0
AeroTech,75.0,N,205.61280442144826,10640.0
Quest Aerospace,18.0,B,220.27212693347516,4.97
Piotr Tendera Rocket Motors,24.0,D,137.75243133041297,20.0
Piotr Tendera Rocket Motors,24.0,E,132.96104241457252,36.0
Piotr Tendera Rocket Motors,29.0,F,156.640471560115,65.0
Piotr Tendera Rocket Motors,24.0,E,144.04112928245354,39.0
Piotr Tendera Rocket Motors,24.0,D,130.8648097638923,19.0
AeroTech,29.0,F,209.56617286892518,79.15
AeroTech,29.0,G,211.4366512117326,128.6
AeroTech,54.0,J,201.12597574948276,732.0
AeroTech,75.0,N,231.63377377385453,10330.0
